z,H_z_km_s_Mpc,E_z,q_z
0.0,65.54499999998643,0.9999999999997929,-0.05747896130077379
0.01,66.1627251498701,1.009424443510109,-0.0571235256901792
0.02,66.78027489425988,1.018846210912501,-0.05700225602456044
0.03,67.39746406109319,1.0282624770934958,-0.05705725864522826
0.04,68.01425521472555,1.037672670908926,-0.05710399161607482
0.05,68.63070350430034,1.047077633752389,-0.057088047089982275
0.06,69.24684236363471,1.0564778757133986,-0.05705677549075461
0.07,69.86266519347365,1.065873296109141,-0.05704252705428381
0.08,70.47816318044582,1.075263760476708,-0.05703840273283267
0.09,71.09333853618519,1.0846493025583215,-0.057032475648787995
0.1,71.70819782359996,1.0940300224822634,-0.057022672007374764
0.11,72.32274583922705,1.103405993427829,-0.05701231459702272
0.12,72.93698471199193,1.1127772478753821,-0.05700346315114524
0.13,73.55091644589379,1.1221438163993254,-0.056995663108541095
0.14,74.1645436421805,1.1315057386861012,-0.05698814443945921
0.15,74.77786919202413,1.1408630588454363,-0.05698069383650484
0.16,75.39089586582237,1.1502158191444407,-0.056973574247114245
0.17,76.00362610777974,1.1595640568735943,-0.056966984959362366
0.18,76.61606232703433,1.1689078087883793,-0.056960918990098475
0.19,77.22820687528473,1.1782471107679415,-0.05695539217476531
0.2,77.84006204218802,1.1875819977448778,-0.05695037761080357
0.21,78.45163011830869,1.1969125046656295,-0.0569459137146936
0.22,79.06291324898085,1.2062386642609024,-0.056942092267510125
0.23,79.67391351398786,1.2155605082613143,-0.056938901905939754
0.24,80.28463298353225,1.224878068251312,-0.05693639774274628
0.25,80.8950735774345,1.2341913735210084,-0.05693464992040731
0.26,81.50523718919133,1.2435004529589035,-0.056933634185305615
0.27,82.11512568561669,1.2528053350464061,-0.05693343245132443
0.28,82.72474077113534,1.2621060457874032,-0.05693411468728293
0.29,83.33408414147135,1.2714026110530376,-0.05693565471264572
0.3,83.94315745540052,1.2806950561507442,-0.056938149174095565
0.31,84.55196220551979,1.289983403852617,-0.056941667748836466
0.32,85.16049988465421,1.2992676769342317,-0.056946180209054065
0.33,85.76877194938525,1.308547897618205,-0.056951793044565546
0.34,86.376779681171,1.3178240854553513,-0.056958586008668655
0.35000000000000003,86.98452436190598,1.3270962600031426,-0.05696652072168995
0.36,87.59200725153774,1.336364440484213,-0.056975704553372086
0.37,88.19922942345619,1.3456286432749438,-0.056986237260325256
0.38,88.8061919409896,1.354888884598209,-0.056998072299855984
0.39,89.41289587015287,1.364145180717871,-0.05701130284981859
0.4,90.01934208766816,1.3733975450098126,-0.05702605564349039
0.41000000000000003,90.62553143168148,1.3826459902613697,-0.057042288603947666
0.42,91.23146476909683,1.391890529698632,-0.05706005698924066
0.43,91.83714280358134,1.401131174057233,-0.05707951157728053
0.44,92.44256614637519,1.4103679326626772,-0.057100642754926434
0.45,93.0477354526831,1.4196008155112227,-0.05712344364815747
0.46,93.65265128223704,1.4288298311425287,-0.05714806906464054
0.47000000000000003,94.25731403222574,1.4380549856163816,-0.05717457292016859
0.48,94.8617241353187,1.447276285533888,-0.05720288767136705
0.49,95.46588201796995,1.4564937374013265,-0.05723312843533279
0.5,96.06978790847107,1.4657073447016717,-0.05726541635200988
0.51,96.67344202284549,1.4749171107307268,-0.05729968200461144
0.52,97.27684462373203,1.484123039495492,-0.057335943019177216
0.53,97.87999585059484,1.4933251331237294,-0.057374341908811965
0.54,98.48289573080989,1.5025233920331054,-0.057414885820991746
0.55,99.08554434294878,1.5117178174223629,-0.057457490860168936
0.56,99.68794177062993,1.5209084105672428,-0.05750223894784767
0.5700000000000001,100.29008793728477,1.5300951702995615,-0.05754921532793533
0.58,100.89198276866912,1.5392780954865988,-0.05759833604139708
0.59,101.49362624725728,1.54845718586097,-0.05764955424768159
0.6,102.09501831131134,1.5576324404807587,-0.05770293601490262
0.61,102.69615881268628,1.566803857085762,-0.057758475782580976
0.62,103.29704765173561,1.5759714341557038,-0.05781606090696634
0.63,103.89768477989699,1.5851351709496833,-0.057875640515015925
0.64,104.49807011939096,1.594295066281043,-0.05793720379454603
0.65,105.0982035937668,1.6034511189833975,-0.0580006736366685
0.66,105.69808518299273,1.6126033287511286,-0.05806592929674648
0.67,106.29771492514361,1.6217516961651324,-0.05813284340743052
0.68,106.89709292459534,1.6308962228178403,-0.05820129002524932
0.6900000000000001,107.4962193433722,1.6400369111812068,-0.0582711552635633
0.7000000000000001,108.09509439579014,1.6491737645249849,-0.05834229657182832
0.71,108.69371839176236,1.6583067875774256,-0.058414434251202185
0.72,109.29209186994558,1.6674359885566492,-0.058487293785514094
0.73,109.89021545928699,1.676561377058311,-0.05856074807433198
0.74,110.48808983191749,1.6856829633369057,-0.05863461858314567
0.75,111.085715817352,1.694800760048089,-0.05870839942884487
0.76,111.6830947068787,1.7039147868926494,-0.05878160897740603
0.77,112.28022791958973,1.713025065521241,-0.058854108934634164
0.78,112.87711690304353,1.7221316180188195,-0.05892570387037377
0.79,113.47376330699345,1.7312344695551674,-0.058995599877762595
0.8,114.07016957277538,1.7403336573769987,-0.059062989041160585
0.81,114.66633836282745,1.7494292221043168,-0.05912768588212858
0.8200000000000001,115.26227234556612,1.758521204448335,-0.05918954398149823
0.8300000000000001,115.85797436289924,1.7676096477671712,-0.059247483895678354
0.84,116.45344845008913,1.7766946136255874,-0.05930017238837315
0.85,117.04869913873787,1.7857761711608493,-0.0593472420081127
0.86,117.64373093539736,1.7948543891280395,-0.05938867419646221
0.87,118.23854840360862,1.8039293371517067,-0.05942328850129597
0.88,118.83315755800888,1.8130011069953296,-0.05944899623195399
0.89,119.42756562240548,1.8220698088703253,-0.0594648858327701
0.9,120.02177978730504,1.8311355524800523,-0.059471059148347716
0.91,120.61580717568353,1.8401984464975745,-0.059466693051231756
0.92,121.20965605032347,1.8492586169856353,-0.059448902484873556
0.93,121.8033372198611,1.858316228848289,-0.05941553870884253
0.9400000000000001,122.39686170446049,1.867371450216805,-0.05936658694894281
0.9500000000000001,122.99024038479335,1.8764244470942613,-0.059301969001891885
0.96,123.5834844342522,1.8854753899496863,-0.05921870595974843
0.97,124.17660855954433,1.894524503158812,-0.05911273644750881
0.98,124.76962912801332,1.903572036433188,-0.05898297962992216
0.99,125.36256229210764,1.9126182362057766,-0.058829846941162334
1.0,125.95542398827295,1.9216633456140506,-0.05865190341927473
1.01,126.54823227143045,1.9307076401164154,-0.05844359842828262
1.02,127.14101018113429,1.939751471220296,-0.05820076942086927
1.03,127.73378112943931,1.9487951961162453,-0.05792350105430655
1.04,128.32656818154138,1.957839166702897,-0.05761221634086833
1.05,128.91939434868098,1.966883734055702,-0.057262854999886814
1.06,129.5122879551548,1.975929330309784,-0.05686756416846772
1.07,130.10528205318445,1.9849764597327706,-0.05642297451945366
1.08,130.6984093813973,1.9940256218078771,-0.05592988509035879
1.09,131.29170217992962,2.0030773084129927,-0.0553883521442331
1.1,131.8851933082515,2.0121320208749944,-0.054791088033223856
1.11,132.47892438619624,2.021190394174937,-0.054128149973215134
1.12,133.07294099511913,2.030253123733605,-0.05339712112937822
1.1300000000000001,133.6672880494751,2.0393208947970876,-0.05259929790322704
1.1400000000000001,134.2620097736928,2.0483943820839543,-0.05173422845385167
1.1500000000000001,134.85715192183503,2.0574742836499356,-0.05079135996125628
1.16,135.45277227648626,2.066561481066233,-0.04975844326772172
1.17,136.04893228523642,2.0756569118199164,-0.0486335934660127
1.18,136.64569246119925,2.0847614991410364,-0.047418592981183116
1.19,137.2431123932596,2.0938761521589684,-0.04611295963879314
1.2,137.84125357903974,2.1030018091241094,-0.04470340295889619
1.21,138.4401927023534,2.1121396399779293,-0.04317452272511957
1.22,139.0400110126079,2.121290884317765,-0.041524048714799866
1.23,139.64078854443736,2.130456763207527,-0.03975432381183763
1.24,140.24260413420822,2.139638479429525,-0.03786584541455329
1.25,140.8455377177025,2.148837252539515,-0.035844221489988115
1.26,141.44968674596862,2.1580545693183097,-0.033669772143215426
1.27,142.0551564179077,2.1672920347533404,-0.03133803224710019
1.28,142.66205046399372,2.1765512314286934,-0.02885195014952946
1.29,143.2704711153872,2.18583371905389,-0.026213755258319815
1.3,143.88052003536976,2.1951410486744947,-0.023411509931540397
1.31,144.49231518550937,2.20447501999404,-0.02042120921272672
1.32,145.10598911903247,2.213837655336524,-0.017232919401267144
1.33,145.721673151471,2.223230958142818,-0.013849863839241139
1.34,146.3394967992536,2.232656904405425,-0.010275651459003887
1.35,146.95958786529562,2.2421174439743017,-0.006505406691149962
1.36,147.5820830151183,2.2516146619134685,-0.0025143408649078713
1.37,148.2071422173325,2.2611509988150504,0.0017164575921628789
1.3800000000000001,148.83492701985637,2.2707289193661815,0.006185534245200852
1.3900000000000001,149.46559692174193,2.2803508569950712,0.010888563729859912
1.4000000000000001,150.0993094420441,2.2900192149217196,0.01582311408255932
1.41,150.73622244656983,2.2997364016564164,0.02100559690329562
1.42,151.37651551292265,2.3095051569596863,0.026461611534201124
1.43,152.0203801596025,2.3193284027706538,0.03219769979320186
1.44,152.66800591681593,2.3292090306936597,0.038209115451326214
1.45,153.31958022969857,2.339149900521757,0.04449108387998146
1.46,153.97528855603719,2.349153841727625,0.05104498084995335
1.47,154.63532203805144,2.3592237705095953,0.05789078372542655
1.48,155.2998932683362,2.3693629303278083,0.06504577043015836
1.49,155.96921726859486,2.3795746017025685,0.07250836978505038
1.5,156.64350707877426,2.3898620349191284,0.08027352086828898
1.51,157.3229738764452,2.400228451849038,0.08833643469577424
1.52,158.0078272592512,2.410677050259382,0.09669943305262119
1.53,158.69828398078377,2.4212111370933522,0.10537514524338909
1.54,159.39457228330826,2.43183419457332,0.11436996553361833
1.55,160.0969198902965,2.442549697006583,0.12367985165832063
1.56,160.80555306955372,2.45336109649178,0.13330005741459905
1.57,161.52069677456933,2.464271825075434,0.14322601842256222
1.58,162.24257481674698,2.475285297379617,0.15345394176778315
1.59,162.97141075449832,2.4864049241665773,0.16398081683107812
1.6,163.70742808457965,2.497634115257909,0.17480318930502103
1.61,164.45084959269786,2.5089762696269413,0.1859170931209908
1.62,165.2018974598133,2.5204347770205704,0.1973186856210083
1.6300000000000001,165.96079341009084,2.5320130202165054,0.2090039134951629
1.6400000000000001,166.72775839574342,2.543714370215019,0.2209588272765155
1.6500000000000001,167.50300045510895,2.555542000993347,0.23315905667851822
1.6600000000000001,168.2867136726258,2.5674988736383524,0.24559015234708914
1.67,169.0790917152053,2.5795879428668136,0.25824904524110637
1.68,169.88032868526733,2.591812170039932,0.27113336955392
1.69,170.6906192485084,2.6041745251126462,0.28424063990602866
1.7,171.51015845018253,2.616677983830689,0.29755133809306944
1.71,172.33912025213743,2.629325200276717,0.31101837151868317
1.72,173.17764374864691,2.6421182965694854,0.3246098484809863
1.73,174.0258660060848,2.6550593638886997,0.33832254727831135
1.74,174.88392548641806,2.668150514706203,0.3521559606474616
1.75,175.7519621227268,2.6813938839381617,0.366109646341215
1.76,176.63011739442135,2.6947916300926287,0.3801708385380833
1.77,177.51851846819451,2.7083456933129075,0.3942799949197302
1.78,178.41723377806437,2.722057117675862,0.4083794626735926
1.79,179.32631933644467,2.7359267577457422,0.42245935464416906
1.8,180.24583311195738,2.7499554979320675,0.43652106159099713
1.81,181.1758350288556,2.7641442524808237,0.45056596150564365
1.82,182.1163869669671,2.7784939654736,0.46459281371615035
1.83,183.06754937926942,2.793005559222968,0.4785574885039854
1.84,184.02932889044592,2.8076791347996934,0.4923836661851646
1.85,185.00168833127853,2.8225141251243957,0.5060376986830051
1.86,185.98459108552916,2.837509971554339,0.5195214842132294
1.87,186.9780023637805,2.852666143318033,0.5328378851877262
1.8800000000000001,187.98188912812296,2.867982136366206,0.545989680100065
1.8900000000000001,188.9962200193397,2.8834574722608846,0.5589673508337303
1.9000000000000001,190.02094922369218,2.8990914520358864,0.5717101957573278
1.9100000000000001,191.05596500453086,2.914882370959354,0.5841567124136788
1.92,192.1011392292533,2.9308282741513967,0.5962972167422094
1.93,193.1563449060417,2.946927224136726,0.608135473072662
1.94,194.2214560598927,2.963177298953279,0.6196751193301964
1.95,195.29634761378986,2.9795765903393066,0.6309195443712499
1.96,196.38089510509846,2.996123199406491,0.6418546664206679
1.97,197.47495158978785,3.01281488427474,0.6524317539822391
1.98,198.57832413283774,3.0296487013935116,0.6626155631355142
1.99,199.69081444959522,3.0466216255945566,0.6724059234453132
2.0,200.8122243116414,3.06373063256757,0.6818067294191792
2.0100000000000002,201.94235542238187,3.0809726969621156,0.6908217506246861
2.02,203.0810092997207,3.0983447905976154,0.6994544699482674
2.0300000000000002,204.22798693816839,3.1158438773082366,0.7076983156335621
2.04,205.38307545188408,3.133466709159876,0.7155315086689644
2.05,206.54604057877057,3.1512097120874296,0.722940986438428
2.06,207.71664551739758,3.1690692732839665,0.7299290793329476
2.07,208.89465260321444,3.1870417667741924,0.7364993392478072
2.08,210.07982321993927,3.2051235520625414,0.742655223703796
2.09,211.2719177182123,3.223310972892094,0.7484001119084303
2.1,212.4706953551137,3.24160035632182,0.7537382954663543
2.11,213.6759155846874,3.259988032415705,0.7586757975286473
2.12,214.88733915219512,3.2784703509374493,0.7632177512219505
2.13,216.10472580494547,3.2970436464252875,0.7673673802519181
2.14,217.3278339762786,3.31570423337064,0.7711276502249644
2.15,218.55642074417622,3.3344484055866386,0.7745014702786419
2.16,219.79024179569552,3.353272435665505,0.7774916977232693
2.17,221.02905139750408,3.372172574529012,0.7801059022567483
2.18,222.2726090468166,3.391145152899788,0.7823683750189925
2.19,223.52069641137888,3.4101868397494677,0.7843021877533352
2.2,224.77309906698918,3.429294363673647,0.7859134041695144
2.21,226.0296013083253,3.4484644337222568,0.787204322395596
2.22,227.28998614436273,3.4676937393296625,0.7881772136293888
2.23,228.55403529745658,3.486978950300657,0.7888343245491007
2.24,229.82152920600038,3.506316716851024,0.789179509293606
2.25,231.09224935530418,3.5257037051690316,0.7892371741728113
2.2600000000000002,232.36600540200365,3.545137011244239,0.7890440722650409
2.27,233.6426261271215,3.5646140228411243,0.7886163738144922
2.2800000000000002,234.92193975930053,3.584132119296674,0.787956001630828
2.29,236.20377359564088,3.603688665735615,0.7870645907299529
2.3000000000000003,237.48795401685535,3.62328101330163,0.7859437668997373
2.31,238.77430650414786,3.642906499414873,0.7845951501675614
2.32,240.06265566140456,3.662562448110528,0.7830281794758047
2.33,241.3528366106621,3.6822463438959816,0.7812773780577158
2.34,242.64472031033853,3.7019562180233203,0.7793742911340904
2.35,243.9381845070416,3.721690205309964,0.7773250639879847
2.36,245.23310644147713,3.7414464328549415,0.7751307565664136
2.37,246.52936286484007,3.7612230202889627,0.7727924257220877
2.38,247.8268300557772,3.781018080033217,0.7703111254779798
2.39,249.12538383790323,3.8008297175666064,0.7676880975761424
2.4,250.42489987901106,3.8206560359907096,0.7649366010080256
2.41,251.7252712288599,3.840495403598442,0.7620886263077222
2.42,253.02641878380481,3.8603466135297095,0.7591656189800937
2.43,254.3282657680477,3.8802084944396626,0.756169853057848
2.44,255.6307352672101,3.9000798728691755,0.753101910896312
2.45,256.9337502387844,3.919959573404293,0.7499623733422967
2.46,258.2372335226548,3.93984641883675,0.7467518197600895
2.47,259.54110785168467,3.9597392303254964,0.7434710900996682
2.48,260.84529625633394,3.9796368335698213,0.7401313146698953
2.49,262.1497371904201,3.9995382895784592,0.7367567398361337
2.5,263.4543893684394,4.019442968471118,0.7333620629705422
2.5100000000000002,264.7592129558416,4.039350262504258,0.7299484184432135
2.52,266.0641682117613,4.0592595653636625,0.7265160271847708
2.5300000000000002,267.3692154921493,4.07917027221221,0.7230651087473525
2.54,268.6743152528698,4.099081779737124,0.7195958813107688
2.5500000000000003,269.9794280527691,4.118993486196797,0.7161086265323435
2.56,271.2845146558103,4.138904792979027,0.7126093033780923
2.57,272.5895446320829,4.158815235823981,0.7091137946373078
2.58,273.8945030625272,4.178724587116137,0.7056332249297601
2.59,275.19937679771976,4.198632646238764,0.7021685993888882
2.6,276.50415289195115,4.218539215683136,0.6987198909324435
2.61,277.8088186011144,4.238444101016316,0.6952870713307329
2.62,279.11336138060926,4.258347110849177,0.6918701112449652
2.63,280.41776888325955,4.278248056804631,0.6884689802686061
2.64,281.7220289572455,4.298146753486086,0.6850852307084756
2.65,283.0261321069155,4.31804305602129,0.6817270760128138
2.66,284.330079425583,4.337936981090594,0.6784028554386168
2.67,285.63387497364965,4.357828590642302,0.675114164981024
2.68,286.9375230429424,4.377717950155502,0.6718608275240605
2.69,288.2410281519826,4.397605128567894,0.6686426653258148
2.7,289.5443950413438,4.4174901982049555,0.6654595000893608
2.71,290.84762866908244,4.437373234710236,0.6623111530186601
2.72,292.1507342062428,4.457254316976776,0.6591975414472677
2.73,293.4537171847903,4.477133529404078,0.6561209504021537
2.74,294.7565870846335,4.497011016624205,0.6530860087860515
2.75,296.0593574776978,4.516886985699867,0.6500950561530203
2.7600000000000002,297.3620423303232,4.53676164971124,0.6471479552100163
2.77,298.664655818358,4.5566352249349,0.6442444540569643
2.7800000000000002,299.96721232189714,4.576507930763554,0.6413843008576134
2.79,301.26972642012,4.596379989627279,0.6385672438992975
2.8000000000000003,302.5722128862358,4.616251626916405,0.6357930316489957
2.81,303.8746866825271,4.6361230709058985,0.6330615562162405
2.82,305.1771631852313,4.655994556186304,0.630373796657909
2.83,306.4796596952161,4.675866346711666,0.6277310809073311
2.84,307.782194492867,4.695738721380227,0.6251336397958949
2.85,309.08478603832606,4.715611961832726,0.6225812016014232
2.86,310.38745296247987,4.735486352314896,0.6200734925414793
2.87,311.69021406223715,4.755362179605418,0.6176102394492062
2.88,312.9930882959077,4.775239732945422,0.6151911698191634
2.89,314.29609477868706,4.795119303969594,0.6128160118505543
2.9,315.59925277824135,4.815001186638818,0.610484465211971
2.91,316.90258166281075,4.834885676448406,0.6081960694952393
2.92,318.2061006824513,4.8547730670905676,0.605950340364211
2.93,319.5098291368102,4.874663653014116,0.6037469570846679
2.94,320.81378646063786,4.894557730729084,0.6015856553801904
2.95,322.11799221997956,4.914455598748639,0.5994661719380361
2.96,323.422466108379,4.934357557531147,0.5973882443960814
2.97,324.72722794317156,4.954263909423625,0.5953516113708612
2.98,326.0322976618642,4.974174958606518,0.593356012486961
2.99,327.3376953186024,4.994091011039781,0.5914010826914018
3.0,328.6434409065729,5.014012371753343,0.5894856500985952
3.0100000000000002,329.94955319494943,5.033939327102745,0.5876082811489987
3.02,331.25605044101457,5.053872155633757,0.5857683590984184
3.0300000000000002,332.5629509994317,5.073811137377858,0.5839656449439441
3.04,333.870273322638,5.093756553858235,0.5821999027776701
3.0500000000000003,335.1780359579856,5.113708688046161,0.580470897771443
3.06,336.4862575449482,5.13366782431838,0.5787783961958202
3.0700000000000003,337.79495681239865,5.153634248415572,0.5771221654380361
3.08,339.1041525759501,5.173608247401786,0.5755019437618376
3.09,340.4138636848799,5.1935901088546785,0.5739166726421807
3.1,341.7241077364377,5.213580101250098,0.5723644699303292
3.11,343.03490096833093,5.233578472321778,0.570844221541593
3.12,344.34625962095356,5.2535854698444355,0.5693556816379624
3.13,345.65820000641014,5.273601342686859,0.5678986483488955
3.14,346.970738506444,5.293626340780288,0.5664729208739212
3.15,348.2838915704141,5.313660715087559,0.5650782994910004
3.16,349.5976757133222,5.333704717572998,0.5637145855654309
3.17,350.9121075138876,5.35375860117305,0.5623815815557542
3.18,352.22720361266926,5.373822619767629,0.5610788429740954
3.19,353.5429802906389,5.393897021750536,0.5598047271287803
3.2,354.85945185332037,5.41398202537677,0.5585574854842321
3.21,356.1766320456366,5.434077840348411,0.557336583617988
3.22,357.49453466479946,5.454184677165298,0.5561418540823504
3.23,358.8131735589738,5.474302747104643,0.5549731304834729
3.24,360.1325626258468,5.494432262199203,0.5538302474057264
3.25,361.4527158112296,5.514573435215953,0.5527130404129821
3.2600000000000002,362.77364710769274,5.534726479635254,0.5516213460515984
3.27,364.09537055323517,5.554891609630562,0.5505550002369299
3.2800000000000002,365.4179002272193,5.575069040006397,0.5495133823072389
3.29,366.74124946770985,5.595258974257531,0.5484947930494439
3.3000000000000003,368.0654297952054,5.6154615881486825,0.5474978439818929
3.31,369.39045249961276,5.635677053926504,0.5465222412571946
3.3200000000000003,370.71632890834906,5.655905544409933,0.5455678500500019
3.33,372.0430703853393,5.676147232974892,0.5446345363755529
3.34,373.3706883300377,5.696402293539365,0.5437221670903658
3.35,374.69919417647264,5.716670900548824,0.542830609890683
3.36,376.02859939231286,5.736953228961978,0.541959733311123
3.37,377.35891547795575,5.757249454236871,0.5411094049233611
3.38,378.69015396251314,5.777559752269633,0.5402790758877882
3.39,380.022325682018,5.797884288382302,0.539467253803211
3.4,381.35543985514505,5.818223203221375,0.5386727412152141
3.41,382.6895055008153,5.83857663438577,0.5378952984962093
3.42,384.02453166522037,5.858944719890462,0.5371348188744252
3.43,385.3605274211409,5.879327598156089,0.5363911962735703
3.44,386.69750186727885,5.899725407998762,0.5356643253110995
3.45,388.035464127607,5.920138288620138,0.534954101297126
3.46,389.37442335072893,5.940566379597665,0.5342604202309531
3.47,390.7143887092589,5.961009820875107,0.533583178798507
3.48,392.0553693992092,5.98146875275321,0.5329220782431368
3.49,393.3973742949507,6.001943310625535,0.5322759756687663
3.5,394.7404108059919,6.0224336075366836,0.5316437024504523
3.5100000000000002,396.08448596160815,6.042939750730157,0.5310249446401736
3.52,397.4296068113345,6.063461847758555,0.5304196187350907
3.5300000000000002,398.7757804245053,6.084000006476547,0.52982764179315
3.54,400.12301388979756,6.104554335033908,0.5292489314309854
3.5500000000000003,401.47131431478476,6.125124941868712,0.5286834058171992
3.56,402.82068882549856,6.145711935700642,0.5281309836728725
3.5700000000000003,404.1711445660016,6.166315425524473,0.5275915842685208
3.58,405.52268869796757,6.1869355206036705,0.5270651031698912
3.59,406.8753283571849,6.207572329806773,0.5265509229590895
3.6,408.22906978259465,6.228225948319394,0.5260479633553243
3.61,409.5839183565886,6.248896458259037,0.5255556451422625
3.62,410.93987944214547,6.269583941447028,0.5250738838941971
3.63,412.2969584173752,6.290288479935543,0.5246026153569112
3.64,413.65516067520514,6.3110101560028244,0.5241417757143791
3.65,415.0144916230696,6.331749052148441,0.5236913015854443
3.66,416.3749566826077,6.352505251088683,0.5232511300211684
3.67,417.73656128936614,6.37327883575202,0.5228211985023319
3.68,419.09931089250716,6.394069889274653,0.5224014449381569
3.69,420.4632109545248,6.414878494996183,0.5219917306529342
3.7,421.8282668124334,6.435704734341802,0.5215913784105908
3.71,423.19448284480154,6.456548674113991,0.5211995608083209
3.72,424.56186302691214,6.4774103749624246,0.520815994760683
3.73,425.93041134436754,6.498289897694218,0.5204406299563114
3.74,427.30013179444063,6.51918730329454,0.5200734173010324
3.75,428.67102838585686,6.540102652923287,0.5197143080381466
3.7600000000000002,430.04310513858263,6.561036007911857,0.519363253744425
3.77,431.4163660836155,6.581987429759944,0.5190202063301272
3.7800000000000002,432.7908152627798,6.602956980132425,0.5186851180338659
3.79,434.1664567285245,6.623944720856274,0.5183579414236801
3.8000000000000003,435.54329454372635,6.644950713917558,0.5180385561822733
3.81,436.9213326482147,6.665975019425046,0.5177264030944861
3.8200000000000003,438.3005741908278,6.687017685419601,0.5174208356134444
3.83,439.68102203223594,6.708078755545594,0.5171216510270233
3.84,441.0626790420614,6.7291582735839715,0.5168288114876691
3.85,442.4455480992222,6.750256283457506,0.516542279680763
3.86,443.82963209177933,6.771372829228459,0.5162620185473406
3.87,445.21493391678797,6.7925079550963146,0.5159879912824596
3.88,446.6014564801497,6.813661705395525,0.515720161333902
3.89,447.98920269646925,6.834834124593321,0.5154584923995438
3.9,449.37817548891155,6.856025257287536,0.515202948426162
3.91,450.76837778906287,6.877235148204483,0.5149534680867436
3.92,452.1598124897859,6.898463841479684,0.5147096858992382
3.93,453.5524819306751,6.9197113728076145,0.514471063403239
3.94,454.94638808981176,6.940977772367256,0.5142373666105515
3.95,456.34153294653026,6.962263070356705,0.5140085635331786
3.96,457.7379184877965,6.983567297090495,0.5137846259187244
3.97,459.1355467080998,7.004890482997937,0.5135655257064851
3.98,460.53441960934447,7.026232658621473,0.5133512350296145
3.99,461.9345392007451,7.047593854615076,0.5131417262092186
4.0,463.33590749872235,7.068974101742655,0.5129369717556074
4.01,464.7385265268007,7.090373430876507,0.5127369443671306
4.0200000000000005,466.1423983155071,7.111791872995759,0.5125416164380376
4.03,467.54752490136326,7.133229459171001,0.5123508447238596
4.04,468.95390811171933,7.154686217281552,0.5121642225243432
4.05,470.3615492867634,7.176162167774253,0.5119814243202938
4.0600000000000005,471.7704497044968,7.1976573301471785,0.5118023915649328
4.07,473.18061064935847,7.21917172399662,0.5116271029297383
4.08,474.5920334121467,7.240705369015893,0.5114555372271776
4.09,476.00471928993863,7.262258284994105,0.5112876734149205
4.1,477.41866958601366,7.283830491814992,0.5111234905930244
4.11,478.8338856097766,7.305422009455741,0.5109629680003798
4.12,480.2503686766811,7.327032857985828,0.5108060850200127
4.13,481.6681201081566,7.348663057565894,0.5106528211706274
4.14,483.0871412315339,7.370312628446623,0.5105031509842775
4.15,484.50743337030895,7.391981590820183,0.510356902636582
4.16,485.9289975772521,7.413669960748373,0.5102137458185303
4.17,487.3518346003377,7.4353777496428055,0.5100734899008126
4.18,488.77594517661623,7.457104968748435,0.5099361100260602
4.19,490.20133004863783,7.478851629394123,0.5098015902304947
4.2,491.6279899643928,7.500617742991728,0.5096699146578658
4.21,493.05592567725387,7.522403321035226,0.5095410675573362
4.22,494.485137945917,7.544208375099809,0.5094150332836125
4.23,495.91562753434573,7.566032916841036,0.5092917962951999
4.24,497.3473952117131,7.587876957993944,0.5091713411555179
4.25,498.78044175234714,7.6097405103722195,0.5090536525285643
4.26,500.21476793567524,7.631623585867347,0.5089387114635895
4.2700000000000005,501.65037453907667,7.653526196339563,0.5088263873839509
4.28,503.08726213158224,7.675448350470398,0.5087164254567416
4.29,504.5254310415226,7.697390053269092,0.5086086769048563
4.3,505.9648815884891,7.719351309611551,0.5085031225596253
4.3100000000000005,507.40561409687666,7.74133212444697,0.5083997504880491
4.32,508.8476288958395,7.763332502797154,0.5082985488398937
4.33,510.2909263192451,7.785352449755818,0.5081995058398412
4.34,511.7355067056313,7.807391970487928,0.5081026097910046
4.3500000000000005,513.1813703981611,7.82945107022902,0.5080078490723254
4.36,514.6285177445804,7.851529754284544,0.5079152121419566
4.37,516.0769490971745,7.873628028029209,0.5078246875311487
4.38,517.5266648127264,7.8957458969063445,0.5077362637242253
4.39,518.977665252237,7.9178833664236326,0.5076498799421578
4.4,520.4299506858436,7.9400404407024725,0.5075653512727172
4.41,521.883521147383,7.962217120259105,0.5074825237004916
4.42,523.3383766375889,7.98441340510472,0.5074013687740409
4.43,524.7945171614674,8.006629295315697,0.5073218775828952
4.44,526.2519427282622,8.028864791033063,0.5072440412737707
4.45,527.710653351419,8.051119892461957,0.5071678510535207
4.46,529.1706490485502,8.073394599871085,0.507093298183986
4.47,530.6319298414023,8.095688913592223,0.5070203739835648
4.48,532.09449575582,8.118002834019682,0.5069490698262487
4.49,533.5583468217127,8.140336361609775,0.5068793771443292
4.5,535.0234830730218,8.162689496880338,0.5068112874226358
4.51,536.489904547688,8.185062240410222,0.5067447873886755
4.5200000000000005,537.9576112782163,8.207454592695344,0.5066797856644054
4.53,539.4266031482571,8.229866551960592,0.506616132594329
4.54,540.8968799212035,8.252298114596133,0.5065537557039204
4.55,542.3684413607091,8.274749276996095,0.5064926464929898
4.5600000000000005,543.8412872342549,8.297220035613012,0.5064327983519934
4.57,545.3154173131197,8.319710386957354,0.5063742047161686
4.58,546.7908313723545,8.34222032759714,0.5063168590601663
4.59,548.2675291907527,8.364749854157491,0.5062607549014735
4.6000000000000005,549.7455105508233,8.38729896332021,0.5062058857974536
4.61,551.224775238763,8.409867651823372,0.5061522453490028
4.62,552.7053230444317,8.43245591646093,0.5060998271955715
4.63,554.1871537613218,8.45506375408226,0.5060486250161613
4.64,555.6702671865354,8.477691161591814,0.5059986257839681
4.65,557.1546631074228,8.500338135745256,0.5059497491119516
4.66,558.6403411815658,8.523004671318418,0.5058969154013597
4.67,560.1272911613852,8.545690611967125,0.505850006657542
4.68,561.6155322720524,8.568396251003927,0.5058090435844178
4.69,563.1050542976909,8.591121432568325,0.5057640596884723
4.7,564.5958568321693,8.613866150464098,0.5057200266209863
4.71,566.0879394727829,8.6366303985473,0.5056769395401921
4.72,567.5813018202311,8.659414170725931,0.5056347936366024
4.73,569.0759434785958,8.682217460959583,0.5055935841291319
4.74,570.5718640553167,8.705040263259084,0.5055533062686426
4.75,572.0690631611716,8.727882571686195,0.5055139553339671
4.76,573.5675404102536,8.750744380353247,0.5054755266340725
4.7700000000000005,575.0672954199492,8.773625683422827,0.5054380132523462
4.78,576.5683278064133,8.796526475038727,0.505401364800439
4.79,578.0706371020207,8.819446748066529,0.5053654940186174
4.8,579.5742227636592,8.842386494220142,0.5053303562054225
4.8100000000000005,581.0790842485834,8.865345705219061,0.5052959462744002
4.82,582.5852210172308,8.888324372831349,0.5052622605922705
4.83,584.0926325332035,8.911322488873347,0.5052292955422126
4.84,585.6013182632475,8.93434004520936,0.5051970475335157
4.8500000000000005,587.1112776772368,8.957377033751419,0.5051655129949979
4.86,588.6225102481508,8.980433446458933,0.505134688379651
4.87,590.1350154520584,9.003509275338445,0.5051045701609553
4.88,591.6487927680992,9.026604512443347,0.505075154833803
4.89,593.1638416784637,9.049719149873578,0.5050464389143927
4.9,594.6801616683771,9.072853179775377,0.5050184189374081
4.91,596.1977522260743,9.0960065943409,0.5049910783795115
4.92,597.716612816328,9.11917938540435,0.5049643571344404
4.93,599.2367428185297,9.142371543497287,0.5049381993431672
4.94,600.7581415966079,9.165583058915368,0.504912593136404
4.95,602.2808085174324,9.188813921999122,0.5048875358167606
4.96,603.804742950799,9.21206412313371,0.5048630246987318
4.97,605.3299442694116,9.23533365274867,0.5048390571159846
4.98,606.8564118488673,9.25862250131768,0.5048156304178146
4.99,608.3841450676404,9.28193065935831,0.5047927419702996
5.0,609.9131433070656,9.305258117431775,0.5047658940436577
